<?xml version="1.0" encoding="UTF-8"?>
<!DOCTYPE mapper PUBLIC "-//mybatis.org//DTD Mapper 3.0//EN" "http://mybatis.org/dtd/mybatis-3-mapper.dtd">

<mapper namespace="board">
	<select id="total" resultType="int">
		SELECT COUNT(*) FROM board
	</select>

	<select id="list" resultType="Post">
		SELECT * FROM
    		(SELECT ROWNUM row_num, sub.* FROM 
    			(SELECT * FROM board ORDER BY bid DESC) sub)
		WHERE row_num BETWEEN ((#{page} - 1) * #{perPage} + 1) AND (#{page} * #{perPage})
	</select>
	
	<select id="item" resultType="Post">
		SELECT * FROM board WHERE bid=#{bid}
	</select>
	
	<delete id="delete">
		DELETE FROM board WHERE bid=#{bid}
	</delete>
	
	<insert id="add">
		INSERT INTO board
		VALUES (#{bid}, #{title}, #{content})
	</insert>
	
	<update id="update">
		UPDATE board
		SET title=#{title}, content=#{content}
		WHERE bid=#{bid}
	</update>
</mapper>