<?xml version="1.0" encoding="UTF-8"?>
<!DOCTYPE mapper PUBLIC "-//mybatis.org//DTD Mapper 3.0//EN" "http://mybatis.org/dtd/mybatis-3-mapper.dtd">

<mapper namespace="customer">
	<select id="list" resultType="Customer">
		SELECT * FROM customer
	</select>
	
	<select id="item" resultType="Customer">
		SELECT * FROM customer WHERE custid=#{custid}
	</select>
	
	<delete id="delete">
		DELETE FROM customer WHERE custid=#{custid}
	</delete>
	
	<insert id="add">
		INSERT INTO customer
		VALUES (#{custid}, #{name}, #{address}, #{phone})
	</insert>
	
	<update id="update">
		UPDATE customer
		SET name=#{name}, address=#{address}, phone=#{phone}
		WHERE custid=#{custid}
	</update>
</mapper>