<?xml version="1.0" encoding="UTF-8"?>
<!DOCTYPE configuration PUBLIC "-//mybatis.org//DTD Config 3.0//EN" "http://mybatis.org/dtd/mybatis-3-config.dtd">

<configuration>
	<typeAliases> <!-- alias로 각각의 별칭 설정 -->
		<typeAlias type="kr.ac.kopo.model.Book" alias="Book"/>
		<typeAlias type="kr.ac.kopo.model.Customer" alias="Customer"/>
		<typeAlias type="kr.ac.kopo.model.Post" alias="Post"/>
		<typeAlias type="kr.ac.kopo.model.Pager" alias="Pager"/>
		<typeAlias type="kr.ac.kopo.model.Order" alias="Order"/>
	</typeAliases>
	
	<mappers>
		<mapper resource="mybatis/book.xml" />
		<mapper resource="mybatis/customer.xml" />
		<mapper resource="mybatis/board.xml" />
		<mapper resource="mybatis/order.xml" />
	</mappers>
</configuration>