<?xml version="1.0" encoding="UTF-8"?>
<!DOCTYPE mapper PUBLIC "-//mybatis.org//DTD Mapper 3.0//EN" "http://mybatis.org/dtd/mybatis-3-mapper.dtd">

<mapper namespace="book">
	<select id="list" resultType="Book">
		SELECT * FROM book
	</select>
	
	<select id="item" resultType="Book">
		SELECT * FROM book WHERE bookid=#{bookid}
	</select>
	
	<delete id="delete">
		DELETE FROM book WHERE bookid=#{bookid}
	</delete>
	
	<insert id="add">
		INSERT INTO book
		VALUES (#{bookid}, #{bookname}, #{publisher}, #{price})
	</insert>
	
	<update id="update">
		UPDATE book
		SET bookname=#{bookname}, publisher=#{publisher}, price=#{price}
		WHERE bookid=#{bookid}
	</update>
</mapper>