<?xml version="1.0" encoding="UTF-8"?>
<!DOCTYPE mapper PUBLIC "-//mybatis.org//DTD Mapper 3.0//EN" "http://mybatis.org/dtd/mybatis-3-mapper.dtd">

<mapper namespace="order">
	<select id="list" resultType="Order">
		SELECT orders.*, book.bookname, customer.name 
		FROM orders JOIN customer ON orders.CUSTID=customer.CUSTID
		JOIN book ON orders.BOOKID=book.BOOKID
	</select>
	
	<select id="item" resultType="Order">
		SELECT * FROM orders WHERE orderid=#{orderid}
	</select>
	
	<delete id="delete">
		DELETE FROM orders WHERE orderid=#{orderid}
	</delete>
	
	<insert id="add">
		INSERT INTO orders
		VALUES (#{orderid}, #{custid}, #{bookid}, #{saleprice}, #{orderdate})
	</insert>
	
	<update id="update">
		UPDATE orders
		SET custid=#{custid}, bookid=#{bookid}, saleprice=#{saleprice}, orderdate=#{orderdate}
		WHERE orderid=#{orderid}
	</update>
</mapper>